Ticker,GHG Emissions,Air Quality,Energy Management,Water & Wastewater Management,Waste & Hazardous Materials Management,Ecological Impacts,Human Rights & Community Relations,Customer Privacy,Data Security,Access & Affordability,Product Quality & Safety,Customer Welfare,Selling Practices & Product Labeling,Labour Practices,Employee Health & Safety,"Employee Engagement, Diversity & Inclusion",Product Design & Lifecycle Management,Business Model Resilience,Supply Chain Management,Materials Sourcing & Efficiency,Physical Impacts of Climate Change,Business Ethics,Competitive Behaviour,Management of the Legal & Regulatory Environment,Critical Incident Risk Management,Systemic Risk Management
BHARTI,,,1,,,,,1,1,,,,,,,,,,,1,,,1,,,1
ZOMATO,,,1,,,,,1,1,,,,,,,1,,,,,,,1,,,
INFOE,,,1,,,,,1,1,,,,,,,1,,,,,,,1,,,
AGS,1,1,1,1,1,1,1,,,,,,,1,1,,,,,,,1,,,1,
8071,,,,,,,,,1,,,,,,,1,1,,1,1,,,,,,
SUNTV,,,,,,,,,,,,1,1,,,,,,,,,,1,,,
AFFLE,,,,,,,,1,,,,,1,,,1,,,,,,,,,,
TTLS,,,1,,,,,1,1,,,,,,,,,,,1,,,1,,,1
Z,,,,,,,,,,,,1,1,,,,,,,,,,1,,,
RAILTEL,,,1,,,,,1,1,,,,,,,,,,,1,,,1,,,1
NSG,,,1,,,,,,1,,,,,1,,1,1,,,,,,,,,
251270,,,1,,,,,1,1,,,,,,,1,,,,,,,1,,,1
ALAMAR,,,1,1,1,,,,,,1,1,,1,,,,,1,,,,,,,
EASEMYTR,,,1,,,,,1,1,,,,,,,1,,,,,,,1,,,
JUST,,,,,,,,1,1,,,,1,,,,,,,,,,,,,
WRLS,,,,,,,,,,,,,1,,,1,1,,,,,1,,,,
TIPSMUSI,,,,,,,,,,,,,,,,,,,,,,,,,,
NAZARA,,,1,,,,,1,1,,,,,,,1,,,,,,,1,,,1
DBCL,,,,,,,,,,,,1,1,,,,,,,,,,1,,,
3662,,,1,,,,,1,1,,,,,,,1,,,,,,,1,,,1
BRK/A,,,,,,,,,,,,,1,,,,1,,,,1,,,,,1
CNLI,,,1,,,,,,,,1,,,,1,,,,,,,,,,,
DITV,,,1,,,,,1,1,,,,,,,,,,,1,,,1,,,1
CARTRADE,,,1,,,,,1,1,,,,,,,1,,,,,,,1,,,
PRIF,,,,,,,,,,,,1,1,,,,,,,,,,1,,,
ALEXSC,,,1,,,,,,1,,,,,1,,1,1,,,,,,,,,
PRAVEG,,,,,,,,,,,,,,,,,,,,,,,,,,
138SL,,,,,,,,,,,,,,,,,1,,,,,1,,,,
YATRA,,,1,1,,,,,,,,,,,,,1,,,,1,,,,,
JAGP,,,,,,,,,,,,1,1,,,,,,,,,,1,,,
OPIL,,,1,,,,,1,1,,,,,,,,,,,1,,,1,,,1
MTNL,,,1,,,,,1,1,,,,,,,,,,,1,,,1,,,1
3996,,,,,,,,,1,,,,,,,1,,,,,,1,,,,
GTPL,,,1,,,,,1,1,,,,,,,,,,,1,,,1,,,1
DANGFLOU,1,,1,1,,,,,,,1,,,,1,,,,1,1,,,,,,
MSIL,,,,,,,,,,,1,,,1,,,1,,,1,,,,,,
ATANA,,,,,,,,,,1,1,,1,,,,1,,1,,,1,,,,
TTMT,,,,,,,,,,,1,,,1,,,1,,,1,,,,,,
BJAUT,,,,,,,,,,,1,,,1,,,1,,,1,,,,,,
MM,,,,,,,,,,,1,,,1,,,1,,,1,,,,,,
NTGAZ,,,,,,,,,,1,,,,,,,,1,,,,,,,1,
6156,,,1,,,,,,,,,,,,1,,1,,,1,,,,,,
TVSL,,,,,,,,,,,1,,,1,,,1,,,1,,,,,,
HMCL,,,,,,,,,,,1,,,1,,,1,,,1,,,,,,
ADAPRA,,,1,,,,,,,,1,,,,1,,,,,,,,,,,
IH,,,1,,,,,1,1,,,,,,,1,,,,,,,1,,,1
MSS,,,1,,1,,,,,,1,,,,,,1,,,1,,,1,,,
MRCO,,,,1,,,,,,,1,,,,,,1,,1,,,,,,,
MRFG3,1,,1,1,,1,,,,,1,1,,,1,,1,,1,1,,,,,,
NYKAA,,,1,,,,,1,1,,,,,,,1,1,,,,,,,,,
MOBIL,1,1,,1,1,,,,,,,,,,1,,1,,,,,,1,1,1,
KALYANKJ,,,,,,,,,,,1,,,,,,,,1,1,,,,,,
SONACOMS,,,1,,1,,,,,,1,,,,,,1,,,1,,,1,,,
KPITTECH,,,1,,,,,1,1,,,,,,,1,,,,,,,1,,,1
UNOMINDA,,,,,,,,,,,,,,,,,,,,,,,,,,
PAGCC,1,,1,1,,,,,,,1,,,,1,,,,1,1,,,,,,
TTMT/A,,,,,,,,,,,1,,,1,,,1,,,1,,,,,,
METROBRA,,,,,,,,,,,1,,,,,,,,1,1,,,,,,
ANAB,,,,,,,1,,,1,1,1,1,,,1,,,1,,,1,,,,
ELKRRA,,,1,,1,,,,,,1,,,,,,1,,,1,,1,,,,
MSUMI,,,1,,1,,,,,,1,,,,,,1,,,1,,,1,,,
ZCVCS,,,,,,,,,,,,,,,,,,,,,,,,,,
KPR,,,,,,,,,,,1,,,,,,,,1,1,,,,,,
600538,1,1,1,1,1,,1,,,,,,,,1,,1,,,,,,,1,1,
EGEEN,,,1,,1,,,,,,1,,,,,,1,,,1,,,1,,,
MANYAVAR,,,,,,,,,,,1,,,,,,,,1,1,,,,,,
JBMA,,,1,,1,,,,,,1,,,,,,1,,,1,,,1,,,
ABC,,,,,,,,,1,1,,,,,,,1,,,,,1,,,,1
ABFRL,,,,,,,,,,,1,,,,,,,,1,1,,,,,,
RLXF,,,,,,,,,,,1,,,,,,,,1,1,,,,,,
JRELTD,,,,,,,,,,,1,,,,,,,,1,,,,,,,
KJC,,,1,,,,,,,,1,,,,,,1,,1,,,,,,,
ABAVP,1,,1,1,,1,,,,,1,1,,,1,,1,,1,1,,,,,,
CIEINDIA,,,,,,,,,,,,,,,,,,,,,,,,,,
BC,,,1,,,,,,,,,,,,1,,1,,,1,,,,,,
TVSHLTD,,,,,,,,,,,,,,,,,,,,,,,,,,
INMART,,,1,,,,,,,,,,,,1,,1,,,1,,,,,,
600172,1,1,1,1,1,,1,,,,,,,,1,,1,,,,,,,1,1,
ARENM,,,,,,,,,,,,,,,,,,,,,,,,,,
WELSPUNL,,,,,,,,,,,,,,,,,,,,,,,,,,
HONASA,,,,1,,,,,,,1,,,,,,1,,1,,,,,,,
PVRINOX,,,,,,,,,,,,,,,,,,,,,,,,,,
AISG,,,1,,1,,,,,,1,,,,,,1,,,1,,,1,,,
VTEX,,,,,,,,,,,1,,,,,,,,1,1,,,,,,
ALOK,,,,,,,,,,,1,,,,,,,,1,1,,,,,,
WLDL,,,1,1,1,,,,,,1,1,,1,,,,,1,,,,,,,
FHW,1,1,,1,1,,,,,1,,,,,1,,,1,,,,,,,1,1
RW,,,,,,,,,,,,,,,,,1,,,,,1,,,,
JUNIPER,,,1,1,,1,,,,,,,,1,,,,,,,1,,,,,
JKI,,,1,,1,,,,,,1,,,,,,1,,,1,,,1,,,
CEAT,,,1,,1,,,,,,1,,,,,,1,,,1,,,1,,,
BJE,,,,,,,,,,,1,,,,,,1,,,,,,,,,
LEMONTRE,,,1,1,,1,,,,,,,,1,,,,,,,1,,,,,
159010,,,,,,,,,1,,,,,,,1,1,,1,1,,,,,,
ASAME,1,,1,1,,1,,,,,1,1,,,1,,1,,1,1,,,,,,
71M,,,1,,,,,1,1,,,,,,,1,1,,,,,,,,,
MMTC,,,,,,,,,,1,1,,1,,,,1,,1,,,1,,,,
FML,1,,1,1,,1,,,,,1,1,,,1,,1,,1,1,,,,,,
DOMS,,,,1,,,,,,,1,,,,,,1,,1,,,,,,,
TTKPT,,,,1,,,,,,,1,,,,,,1,,1,,,,,,,
CRAFTSMA,,,1,,1,,,,,,1,,,,,,1,,,1,,,1,,,
REDTAPE,,,,,,,,,,,,,,,,,,,,,,,,,,
2CRSI,,,,,,,,,1,,,,,,,1,1,,1,1,,,,,,
ALDV,,,,,,,,,,,,,,,,,1,,,,,1,,,,
HAPPYFOR,,,1,,,,,,,,,,,,1,,1,,,1,,,,,,
THDS,,,,,,,,1,,,,,1,,,1,,,,,,,,,,
MHSC,,,,,,,,,,,1,,,1,,,1,,,1,,,,,,
MHRL,,,1,1,,1,,,,,,,,1,,,,,,,1,,,,,
TC,1,1,1,1,1,1,,,,,,,,,1,,1,,,,,,1,,,
RJEX,,,,,,,,,,,1,,,,,,,,1,1,,,,,,
VARROC,,,1,,1,,,,,,1,,,,,,1,,,1,,,1,,,
ENVI,1,1,,,1,,,,,,,,,1,1,,,1,,,,,,,,
CMNT,1,1,1,1,1,1,,,,,,,,,1,,1,,,,,,1,,,
ARVND,,,,,,,,,,,1,,,,,,,,1,1,,,,,,
ENTRA,,,1,1,1,1,,,,,,,,,,,1,,,1,,,,,,
NIITMTS,,,,,,,,,,,,,,,,,,,,,,,,,,
GTFL,,,,,,,,,,,1,,,,,,,,1,1,,,,,,
ACC,,,1,1,,,,,,,,,,,,,1,,,,1,,,,,
BORORENE,,,,,,,,,,,,,,,,,,,,,,,,,,
GOCOLORS,,,,,,,,,,,1,,,,,,,,1,1,,,,,,
ETHOSLTD,,,,,,,,,,,1,,,,,,,,1,1,,,,,,
JINW,,,,,,,,,,,1,,,,,,,,1,1,,,,,,
PDSL,,,,,,,,,,,1,,,,,,,,1,1,,,,,,
IFBI,,,,,,,,,,,1,,,,,,1,,,,,,,,,
VGM,1,1,,,,,,,,,,,,1,1,,,,1,,,,,,1,
ARVINDFA,,,,,,,,,,,1,,,,,,,,1,1,,,,,,
SENCO,,,,,,,,,,,1,,,,,,,,1,1,,,,,,
SYML,,,1,1,,,,,,,,,,,,,1,,,,1,,,,,
140910,,,1,1,,,,,,,,,,,,,1,,,,1,,,,,
ASKAUTOL,,,1,,1,,,,,,1,,,,,,1,,,1,,,1,,,
WONH,,,1,,,,,,,,1,,,,1,,,,,,,,,,,
SGMART,,,,,,,,,,,,,,,,,,,,,,,,,,
ITDC,,,1,1,,1,,,,,,,,1,,,,,,,1,,,,,
JMNA,,,1,,1,,,,,,1,,,,,,1,,,1,,,1,,,
DYTC,,,1,,1,,,,,,1,,,,,,1,,,1,,,1,,,
3467,,,,,,1,,,,,,,,,1,,1,1,,,,,,,,
DAD,,,1,,,,,,,,1,,,,,,1,,1,,,,,,,
ROLEXRIN,,,1,,,,,,,,,,,,1,,1,,,1,,,,,,
PRICOL,,,1,,1,,,,,,1,,,,,,1,,,1,,,1,,,
GEXP,,,,,,,,,,,1,,,,,,,,1,1,,,,,,
6473,,,1,,1,,,,,,1,,,,,,1,,,1,,,1,,,
VMART,,,1,,,,,,1,,,,,1,,1,1,,,,,,,,,
KEKC,,,,,,,,,,,1,,,,,,,,1,1,,,,,,
BOROLTD,,,,1,,,,,,,1,,,,,,1,,1,,,,,,,
PARKHOTE,,,1,1,,1,,,,,,,,1,,,,,,,1,,,,,
AMOR,,,,,,,,,,,,,1,,,1,1,,,,,1,,,,
IMAGICAA,,,,,,,,,,,,,,,,,,,,,,,,,,
TJL,,,1,1,,,,,,,,,,,,,1,,,,1,,,,,
KPDL,,,1,1,,,,,,,,,,,,,1,,,,1,,,,,
brad,,,1,,1,,,,,,1,,,,,,1,,,1,,,1,,,
SUBR,,,1,,1,,,,,,1,,,,,,1,,,1,,,1,,,
LMAX,,,1,,1,,,,,,1,,,,,,1,,,1,,,1,,,
BD,,,,,,,,,,,1,,,,,,,,1,1,,,,,,
4609,,,,,,,,,,,1,,,,,,1,,,,,,,,,
BKHAU,,,,,,,,,,,,,1,,,1,1,,,,,1,,,,
SANDHAR,,,1,,1,,,,,,1,,,,,,1,,,1,,,1,,,
KDDL,,,,,,,,,,,1,,,,,,,,1,1,,,,,,
LIK,,,1,,1,,,,1,1,1,1,1,,1,1,,,,,1,1,,,,
KTI,,,,,,,,,,,,,1,,,1,1,,,,,1,,,,
FIEM,,,1,,1,,,,,,1,,,,,,1,,,1,,,1,,,
SRTY,,,1,,1,,,,,,1,,,,,,1,,,1,,,1,,,
NINE,1,1,1,1,1,1,1,,,,,,,1,1,,,,,,,1,,,1,
GRV,,,1,,1,,,,,,1,,,,,,1,,,1,,,1,,,
DG,,,1,,,,,,1,,,,,1,,1,1,,,,,,,,,
SUNCLAY,,,,,,,,,,,,,,,,,,,,,,,,,,
BLSE,,,1,,,,,1,1,,,,,,,1,,,,,,,1,,,1
ASAB,,,1,1,1,1,,,,,,,,,,,1,,,1,,,,,,
HINDWARE,,,,,,,,,,,,,,,,,,,,,,,,,,
ATXL,,,1,,1,,,,,,1,,,,,,1,,,1,,,1,,,
FLAIR,,,,1,,,,,,,1,,,,,,1,,1,,,,,,,
CARYSIL,,,,,,,,,,,,,,,,,,,,,,,,,,
FLTX,,,,,,,,,,,1,,,,,,,,1,1,,,,,,
DREAMFOL,,,,,,,,,1,,,,,,,1,,,,,,1,,,,
NILK,,,1,,,,,,,,1,,,,,,1,,1,,,,,,,
GDYR,,,1,,1,,,,,,1,,,,,,1,,,1,,,1,,,
PCJL,,,,,,,,,,,1,,,,,,,,1,1,,,,,,
GNPL,,,,,,,,,,,1,,,,,,,,1,1,,,,,,
TAJG,,,1,1,,1,,,,,,,,1,,,,,,,1,,,,,
SOMC,,,1,,,,,,,,1,,,,,,1,,1,,,,,,,
PGIL,,,,,,,,,,,1,,,,,,,,1,1,,,,,,
DIVGIITT,,,1,,1,,,,,,1,,,,,,1,,,1,,,1,,,
OAH,,,1,1,,1,,,,,,,,1,,,,,,,1,,,,,
LUMX,,,1,,,,,1,1,,,,,,,1,,,,,,,1,,,1
SNGM,,,,,,,,,,,1,,,,,,,,1,1,,,,,,
TCNSBR,,,,,,,,,,,1,,,,,,,,1,1,,,,,,
AOTHAIM,,,1,,,,,,1,,,,,1,,1,1,,,,,,,,,
ONE,,,1,,,,,1,1,,,,,,,1,,,,,,,1,,,1
ASIY,,,,,,,,,,,,,,,,1,1,,,,,1,,,,1
WMS,,,1,,,,,,,,,,,,1,,1,,,1,,,,,,
BARBEQUE,,,1,1,1,,,,,,1,1,,1,,,,,1,,,,,,,
ADRS-R-A,,,,,,,,,,,,1,1,,,,,,,,,,,,,
JSNV,1,,1,1,,,,,,,1,,,,1,,,,1,1,,,,,,
PRECAM,,,1,,1,,,,,,1,,,,,,1,,,1,,,1,,,
FILATFAS,,,,,,,,,,,,,,,,,,,,,,,,,,
ANF,,,,,,,,,,,1,,,,,,,,1,1,,,,,,
HUVR,,,,1,,,,,,,1,,,,,,1,,1,,,,,,,
DMART,1,,1,,1,,,,1,,1,1,1,1,,,,,1,,,,,,,
6381,,,1,,,,,,,,,,,,1,,1,,,1,,,,,,
VBL,,,1,1,,,,,,,1,1,1,,,,1,,1,1,,,,,,
GCPL,,,,,,,,,,,,,,,,1,1,,,,,1,,,,1
ASBE,,,1,,,,,,,,,,,,1,,1,,,1,,,,,,
TATACONS,,,,,,,,,,,,,,,,,,,,,,,,,,
DABUR,,,,1,,,,,,,1,,,,,,1,,1,,,,,,,
UNITDSPR,,,,,,,,,,,,,,,,,,,,,,,,,,
CLGT,,,,1,,,,,,,1,,,,,,1,,1,,,,,,,
PG,,,1,1,,,,,,,,,,,,,1,,,,1,,,,,
PATANJAL,1,,1,1,,,,,,,1,,,,1,,,,1,1,,,,,,
DUBA,,,,,,,,,1,1,,,,,,,1,,,,,1,,,,1
AWLTD,1,,1,1,,,,,,,1,,,,1,,,,1,1,,,,,,
GDSP,1,1,1,1,1,,1,,,,,,,,1,,1,,,,,,,1,1,
RDCK,,,1,1,,,,,,,,,1,,,,1,,1,1,,,,,,
HTSMF,1,,1,1,,1,,,,,1,1,,,1,,1,,1,1,,,,,,
AGILC,,,1,,,,,1,1,,,,,,,1,,,,,,,1,,,1
HMN,,,,1,,,,,,,1,,,,,,1,,1,,,,,,,
DEVYANI,,,1,1,1,,,,,,1,1,,1,,,,,1,,,,,,,
JYL,,,,1,,,,,,,1,,,,,,1,,1,,,,,,,
GP,,,,,,,,,,,,1,1,,,,,,,,,,,,,
DCMS,,,1,1,,,,,,,1,1,1,,,,1,,1,1,,,,,,
BIKAJI,,,1,1,,,,,,,1,1,1,,,,1,,1,1,,,,,,
BBTC,1,,1,,1,,,,1,,1,1,1,1,,,,,1,,,,,,,
ZYWL,1,,1,1,,1,,,,,1,1,,,1,,1,,1,1,,,,,,
GOAGRO,1,,1,1,,,,,,,1,,,,1,,,,1,1,,,,,,
SHRS,1,,1,1,,,,,,,1,,,,1,,,,1,1,,,,,,
MEDPLUS,,,1,,,,,,1,,1,1,,,,,,,,,,,,,,
CCLP,1,,1,1,,,,,,,,1,1,,,,1,,1,1,,,,,,
GAEX,,,1,,,,,1,1,,,,,,,1,,,,,,,1,,,1
BRCM,1,,1,1,,,,,,,1,,,,1,,,,1,1,,,,,,
BINHO,,,,,,,,,,,,,1,,,1,1,,,,,1,,,,
AVNT,1,,1,1,,1,,,,,1,1,,,1,,1,,1,1,,,,,,
BECTORS,,,1,1,,,,,,,1,1,1,,,,1,,1,1,,,,,,
LTFOODS,,,,,,,,,,,,,,,,,,,,,,,,,,
KOR,,,1,,,,,1,1,,,,,,,,,,,1,,,1,,,1
IVE,,,,,,,,,1,,,,,,,1,,,,,,1,,,,
HNDFDS,,,,,,,,,,,,,,,,,,,,,,,,,,
DODLA,1,,1,1,,1,,,,,1,1,,,1,,1,,1,1,,,,,,
ASK,,1,,1,,,,,,,,,,,,,1,,1,,,,,1,1,
BCOL,,,,,,,,,,,,,1,,,1,1,,,,,1,,,,
TLNGR,,,1,1,,,,,,,,,1,,,,1,,1,1,,,,,,
BJH,1,,1,1,,,,,,,1,,,,1,,,,1,1,,,,,,
TSTY,,,1,1,,,,,,,1,1,1,,,,1,,1,1,,,,,,
HTFL,1,,1,1,,1,,,,,1,1,,,1,,1,,1,1,,,,,,
4BO,,,1,,,,,,1,,,,,1,,1,1,,,,,,,,,
BAJAJCON,,,,1,,,,,,,1,,,,,,1,,1,,,,,,,
BNRI,1,,1,1,,,,,,,1,,,,1,,,,1,1,,,,,,
PCAI,,,1,1,,,,,,,,,1,,,,1,,1,1,,,,,,
DCB,1,,1,1,,,,,,,1,,,,1,,,,1,1,,,,,,
HMAAGRO,1,,1,1,,1,,,,,1,1,,,1,,1,,1,1,,,,,,
ADM,1,1,,,,,,,,,,,,1,1,,,,1,,,,,,1,
EVRIN,,,,1,,,,,,,1,,,,,,1,,1,,,,,,,
MANORAMA,1,,1,1,,,,,,,1,,,,1,,,,1,1,,,,,,
VSFI,,,1,1,,,,,,,1,1,1,,,,1,,1,1,,,,,,
ALKDI,,,,,,,,,,,1,,,,,,,,1,1,,,,,,
WH,1,,1,1,,1,,,,,1,1,,,1,,1,,1,1,,,,,,
TTKP,,,,,,,1,,,1,1,1,1,,,1,,,1,,,1,,,,
DBOS,,,1,,,,,,,,1,,,,,,1,,1,,,,,,,
ADFL,,,1,1,,,,,,,1,1,1,,,,1,,1,1,,,,,,
GBSL,,,1,1,,,,,,,,,1,,,,1,,1,1,,,,,,
EUPIC,,,,,,,,,,,,,1,,,,1,,,,1,,,,,1
000419,,,1,,,,,,1,,,,,1,,1,1,,,,,,,,,
IOCL,1,1,,1,1,,,,,,,,,,1,,1,,,,,,1,1,1,
BPCL,1,1,,1,1,,,,,,,,,,1,,1,,,,,,1,1,1,
HPCL,1,1,,1,1,,,,,,,,,,1,,1,,,,,,1,1,1,
OINL,1,1,,1,,1,1,,,,,,,,1,,,1,,,,1,,1,1,
SUEL,,,,,,,,,,,,,,,1,,1,,,1,,,,,,
PLNG,1,1,,,,1,,,,,,,,,,,,,,,,,1,,1,
MRPL,1,1,,1,1,,,,,,,,,,1,,1,,,,,,1,1,1,
IREDA,,,,,,,,,1,1,,,,,,,1,,,,,1,,,,1
EXID,,,1,,,,,,,,,,,,1,,1,,,1,,,,,,
INXW,,,,,,,,,,,,,,,1,,1,,,1,,,,,,
AEGISLOG,,,,,,,,,,,,,,,,,,,,,,,,,,
WAREERTL,,,,,,,,,,,,,,,,,,,,,,,,,,
MRL,1,1,,1,1,,,,,,,,,,1,,1,,,,,,1,1,1,
HBPS,,,1,,,,,,,,,,,,1,,1,,,1,,,,,,
SWSOLAR,,,,,,1,,,,,1,,,,1,,1,,,,,1,,,,
KPIG,,,1,1,1,1,,,,,,,,,,,1,,,1,,,,,,
TECHNOE,,,,,,1,,,,,1,,,,1,,1,,,,,1,,,,
2159,,,1,,,,,1,1,,,,,,,1,,,,,,,1,,,1
HARSHA,,,1,1,1,1,,,,,,,,,,,1,,,1,,,,,,
INOXGREE,,,,,,1,,,,,1,,,,1,,1,,,,,1,,,,
247,,,1,,,,,1,1,,,,,,,1,,,,,,,1,,,1
GENSOL,,,,,,1,,,,,1,,,,1,,1,,,,,1,,,,
002956,,,1,1,,,,,,,1,1,1,,,,1,,1,1,,,,,,
AVOT,,,,,,,,,1,,,,,,,1,,,,,,1,,,,
002467,,,1,,,,,1,1,,,,,,,,,,,1,,,1,,,1
KPEL,,,,,,,,,,,,,,,1,,1,,,1,,,,,,
WESL,,,1,1,1,1,,,,,,,,,,,1,,,1,,,,,,
DEEPIND,,,,,,,,,,,,,,,,,,,,,,,,,,
GANDHAR,1,1,,1,1,,,,,,,,,,1,,1,,,,,,1,1,1,
RIIL,1,1,,,,1,,,,,,,,,,,,,,,,,1,,1,
HDFCB,,,,,,,,,1,1,,,,,,,1,,,,,1,,,,1
ICICIBC,,,,,,,,,1,1,,,,,,,1,,,,,1,,,,1
SBINS,,,,,,,,,,,,,1,,,,1,,,,1,,,,,1
BESS,1,1,,,,1,,,,,,,,,1,,,,,,,1,,,1,
603489,,,,,,,,,,,1,,,,,,,,1,,,,,,,
BERA,1,1,1,1,,,,,,,,,,,,,,,1,,,,,,,
AXSB,,,,,,,,,1,1,,,,,,,1,,,,,1,,,,1
BJFIN,,,,,,,,,,,,,1,,,,1,,,,1,,,,,1
JIOFIN,,,,,,,,1,1,,,,1,,,,,,,,,,,,,
SBILIFE,,,,,,,,,,,,,1,,,,1,,,,1,,,,,1
AHP,,,1,1,,,,,,,,,,,,,1,,,,1,,,,,
BOB,,,,,,,,,1,1,,,,,,,1,,,,,1,,,,1
HDFCLIFE,,,,,,,,,,,,,1,,,,1,,,,1,,,,,1
POWF,,,,,,,,,1,1,,,,,,,1,,,,,1,,,,1
IIB,,,,,,,,,1,1,,,,,,,1,,,,,1,,,,1
MTBC,,,1,,,,,1,1,,,,,,,1,,,,,,,1,,,1
UNBK,,,,,,,,,1,1,,,,,,,1,,,,,1,,,,1
BOOM,,,,,,,,,1,,,,,,,1,1,,1,1,,,,,,
CBK,,,,,,,,,1,1,,,,,,,1,,,,,1,,,,1
000996,,,1,,,,,,1,,,,,1,,1,1,,,,,,,,,
BJHI,,,,,,,,,,,,,1,,,1,1,,,,,1,,,,
SHFL,,,,,,,,,,,,,,,,,,,,,,,,,,
AFRIPRUD,,,1,,,,,1,1,,,,,,,1,,,,,,,1,,,1
IDBI,,,,,,,,,1,1,,,,,,,1,,,,,1,,,,1
ICICIGI,,,,,,,,,,,,,1,,,,1,,,,1,,,,,1
HDFCAMC,,,,,,,,,,,,,1,,,1,1,,,,,1,,,,
INBK,,,,,,,,,1,1,,,,,,,1,,,,,1,,,,1
AYES,1,1,1,1,1,,,,,,,,,,1,,,,1,,,,,,,
SBICARD,,,,,,,,1,1,,,,1,,,,,,,,,,,,,
ACUC,,,,,,,1,,,1,1,1,1,,,1,,,1,,,1,,,,
ABTZY,1,1,,1,1,,,,,1,,,,,1,,,1,,,,,,,1,1
BEDM,,,1,,1,,,,,,1,,,,,,1,,,1,,1,,,,
GICRE,,,,,,,,,,,,,1,,,,1,,,,1,,,,,1
IDFCFB,,,,,,,,,1,1,,,,,,,1,,,,,1,,,,1
CBOI,,,,,,,,,1,1,,,,,,,1,,,,,1,,,,1
000777,,,1,,,,,,,,,,,,1,,1,,,1,,,,,,
ABCAP,,,,,,,,,,,,,1,,,,1,,,,1,,,,,1
BOMH,,,,,,,,,1,1,,,,,,,1,,,,,1,,,,1
PJSB,1,1,,,1,,,,,,,,,1,1,,,1,,,,,,,,
LTF,,,,,,,,,,,,,,,,,,,,,,,,,,
AUBANK,,,,,,,,1,1,,,,1,,,,,,,,,,,,,
NIACL,,,,,,,,,,,,,1,,,,1,,,,1,,,,,1
HUDCO,,,,,,,,1,1,,,,1,,,,,,,,,,,,,
CRISIL,,,,,,,,,1,,,,,,,1,,,,,,1,,,,
FB,,,,,,,,,1,1,,,,,,,1,,,,,1,,,,1
POONAWAL,,,,,,,,,,,,,,,,,,,,,,,,,,
MMFS,,,,,,,,1,1,,,,1,,,,,,,,,,,,,
LICHF,,,,,,,,,,,,,1,,,,,,,,1,,,,,
STARHEAL,,,,,,,,,,,,,1,,,,1,,,,1,,,,,1
ABDP,,,1,,1,,,,,,1,,,,,,1,,,1,,,1,,,
BANDHAN,,,,,,,,,1,1,,,,,,,1,,,,,1,,,,1
PAYTM,,,1,,,,,1,1,,,,,,,1,,,,,,,1,,,1
ANGELONE,,,,,,,,,,,,,,,,,,,,,,,,,,
MOFS,,,,,,,,,,,,,,,,1,1,,,,,1,,,,1
ISEC,,,,,,,,,,,,,,,,1,1,,,,,1,,,,1
CREDAG,,,,,,,,1,1,,,,1,,,,,,,,,,,,,
FIVESTAR,,,,,,,,1,1,,,,1,,,,,,,,,,,,,
PIEL,,,,,,,1,,,1,1,1,1,,,1,,,1,,,1,,,,
IDFCFB,,,,,,,,,1,1,,,,,,,1,,,,,1,,,,1
MCX,,,,,,,,,,,,,1,,,1,1,,,,,1,,,,
CGCL,,,,,,,,,,,,,1,,,1,1,,,,,1,,,,
PNBHOUSI,,,,,,,,,,,,,1,,,,,,,,1,,,,,
APTUS,,,,,,,,,,,,,1,,,,,,,,1,,,,,
JKBK,,,,,,,,,1,1,,,,,,,1,,,,,1,,,,1
KVB,,,,,,,,,1,1,,,,,,,1,,,,,1,,,,1
MGFL,,,,,,,,1,1,,,,1,,,,,,,,,,,,,
BKBR3,,,1,1,1,,,,,,1,1,,1,,,,,1,,,,,,,
2662,,,,,,,,,1,,,,,,,1,1,,1,1,,,,,,
ABSLAMC,,,,,,,,,,,,,1,,,1,1,,,,,1,,,,
IIFL,,,,,,,,,,,,,,,,1,1,,,,,1,,,,1
SAMMAANC,,,,,,,,,,,,,,,,,,,,,,,,,,
AIIL,,,,,,,,,,,,,,,,,,,,,,,,,,
EQUITASB,,,,,,,,,1,1,,,,,,,1,,,,,1,,,,1
KFINTECH,,,,,,,,1,1,,,,1,,,,,,,,,,,,,
AAVAS,,,,,,,,,,,,,1,,,,,,,,1,,,,,
UTIAM,,,,,,,,,,,,,1,,,1,1,,,,,1,,,,
CANF,,,,,,,,,,,,,1,,,,,,,,1,,,,,
CUBK,,,,,,,,,1,1,,,,,,,1,,,,,1,,,,1
IFCI,,,,,,,,,1,1,,,,,,,1,,,,,1,,,,1
ABG,,,,,,1,,,,,1,,,,1,,1,,,,,1,,,,
INFIBEAM,,,1,,,,,1,1,,,,,,,1,1,,,,,,,,,
SBFC,,,,,,,,1,1,,,,1,,,,,,,,,,,,,
UJJIVANS,,,,,,,,,1,1,,,,,,,1,,,,,1,,,,1
BLZE,,,1,,,,,1,1,,,,,,,1,,,,,,,1,,,1
SWH,,,,,,,,1,1,,,,1,,,,,,,,,,,,,
HOMEFIRS,,,,,,,,,,,,,1,,,,,,,,1,,,,,
TMB,1,1,1,1,1,1,1,,,,,,,1,1,,,,,,,1,,,1,
CAIN,,,1,1,,,,,,,,,,,,,1,,,,1,,,,,
JM,,,1,,,,,,1,,,,,1,,1,1,,,,,,,,,
NTGAZ,,,,,,,,,,1,,,,,,,,1,,,,,,,1,
INDIASHL,,,,,,,,1,1,,,,1,,,,,,,,,,,,,
SISLTD,,,,,,,,,,,,,,,,1,1,,,,,1,,,,1
CSBBANK,,,,,,,,,1,1,,,,,,,1,,,,,1,,,,1
SPANDANA,,,,,,,,1,1,,,,1,,,,,,,,,,,,,
BMM,1,,1,1,,,,,,,1,,,,1,,,,1,1,,,,,,
GMON,,,,,,1,,,,,1,,,,1,,1,,,,,1,,,,
UJJIVAN,,,,,,,,1,1,,,,1,,,,,,,,,,,,,
CFIS,,,,,,,,1,1,,,,1,,,,,,,,,,,,,
PAISALO,,,,,,,,1,1,,,,1,,,,,,,,,,,,,
FZICRA,,,1,,1,,,,,,1,,,,,,1,,,1,,1,,,,
UTKARSHB,,,,,,,,,1,1,,,,,,,1,,,,,1,,,,1
BMEA,,,,,,,1,,,1,1,1,1,,,1,,,1,,,1,,,,
MASFIN,,,,,,,,1,1,,,,1,,,,,,,,,,,,,
SINDHUTR,,,,,,,,,,,,,,,,,,,,,,,,,,
JSFB,,,,,,,,,1,1,,,,,,,1,,,,,1,,,,1
FEDFINA,,,,,,,,1,1,,,,1,,,,,,,,,,,,,
PIICL,,,,,,,,,,,,,1,,,1,1,,,,,1,,,,
IIFLSEC,,,,,,,,,,,,,,,,1,1,,,,,1,,,,1
DCBB,,,,,,,,,1,1,,,,,,,1,,,,,1,,,,1
MEDIASSI,,,,,,,,,1,1,1,1,,,,,,,,,1,,,,,
ZAGGLE,,,,,,,,1,1,,,,1,,,,,,,,,,,,,
MUTHOOTM,,,,,,,,1,1,,,,1,,,,,,,,,,,,,
ONEM,,,1,,,,,1,1,,,,,,,1,,,,,,,1,,,1
ESAFSFB,,,,,,,,,1,1,,,,,,,1,,,,,1,,,,1
PTCIF,,,,,,,,,,,,,,,,1,1,,,,,1,,,,1
INDOSTAR,,,,,,,,1,1,,,,1,,,,,,,,,,,,,
REPCO,,,,,,,,1,1,,,,1,,,,,,,,,,,,,
FINOPB,,,,,,,,,1,1,,,,,,,1,,,,,1,,,,1
SANDHA,,,,,,,,,,,,,1,,,,1,,,,1,,,,,1
SATIN,,,,,,,,1,1,,,,1,,,,,,,,,,,,,
SGFIN,,,,,,,,,,,,,,,,,,,,,,,,,,
MUFIN,,,,,,,,,,,,,,,,,,,,,,,,,,
DVLF,,,,,,,,1,1,,,,1,,,,,,,,,,,,,
AUGR,1,1,1,1,1,,,,,,1,,,,,,1,,1,,,,,,,
PGLT,,,,,,,,,,,,,,,,1,1,,,,,1,,,,1
BFIN,,,,,,,,,1,1,,,,,,,1,,,,,1,,,,1
ARLF,,,,,,,,1,1,,,,1,,,,,,,,,,,,,
SUNP,,,,,,,1,,,1,1,1,1,,,1,,,1,,,1,,,,
CIPLA,,,,,,,1,,,1,1,1,1,,,1,,,1,,,1,,,,
DRRD,,,,,,,1,,,1,1,1,1,,,1,,,1,,,1,,,,
ZYDUSLIF,,,,,,,,,,,,,,,,,,,,,,,,,,
MANKIND,,,,,,,1,,,1,1,1,1,,,1,,,1,,,1,,,,
APHS,,,1,,1,,,,1,1,1,1,1,,1,1,,,,,1,1,,,,
CDF1U,1,1,,,,,,,,,,,,1,1,,,,1,,,,,,1,
TRP,,,1,,1,,,,1,1,1,1,1,,1,1,,,,,1,1,,,,
MAXHEALT,,,1,,1,,,,1,1,1,1,1,,1,1,,,,,1,1,,,,
LPC,,,,,,,,,,,,,1,,,1,1,,,,,1,,,,
ARBP,,,,,,,1,,,1,1,1,1,,,1,,,1,,,1,,,,
ALKEM,,,,,,,1,,,1,1,1,1,,,1,,,1,,,1,,,,
BOOT,,,,,,,1,,,1,1,1,1,,,1,,,1,,,1,,,,
MEDANTA,,,1,,1,,,,1,1,1,1,1,,1,1,,,,,1,1,,,,
GLXO,,,,,,,1,,,1,1,1,1,,,1,,,1,,,1,,,,
AADI,,,,,,,1,,,1,1,1,1,,,1,,,1,,,1,,,,
FORH,,,1,,1,,,,1,1,1,1,1,,1,1,,,,,1,1,,,,
IPCA,,,,,,,1,,,1,1,1,1,,,1,,,1,,,1,,,,
GLANDRT,,,1,1,,,,,,,,,,,,,1,,,,1,,,,,
3SQ1,1,1,,1,1,,,,,1,,,,,1,,,1,,,,,,,1,1
AJP,,,,,,,1,,,1,1,1,1,,,1,,,1,,,1,,,,
GNP,,,,,,1,,,,,1,,,,1,,1,,,,,1,,,,
NARH,,,1,,1,,,,1,1,1,1,1,,1,1,,,,,1,1,,,,
JBCP,,,,,,,1,,,1,1,1,1,,,1,,,1,,,1,,,,
LAURUS,,,,,,,1,,,1,1,1,1,,,1,,,1,,,1,,,,
ASTERDM,,,1,,1,,,,1,1,1,1,1,,1,1,,,,,1,1,,,,
ALPM,,,,,,,1,,,1,1,1,1,,,1,,,1,,,1,,,,
PFE,,,,,,,1,,,1,1,1,1,,,1,,,1,,,1,,,,
DLPL,,,1,,1,,,,1,1,1,1,1,,1,1,,,,,1,1,,,,
300384,,,,1,1,,,,,,,,,1,1,,1,,,1,,,,,,
SUVENPHA,,,,,,,1,,,1,1,1,1,,,1,,,1,,,1,,,,
PIRPHARM,,,,,,,1,,,1,1,1,1,,,1,,,1,,,1,,,,
NTCPH,,,,,,,1,,,1,1,1,1,,,1,,,1,,,1,,,,
KIMS,,,1,,1,,,,1,1,1,1,1,,1,1,,,,,1,1,,,,
CONCORDB,,,,,,,1,,,1,1,1,1,,,1,,,1,,,1,,,,
AFH,,,,,,,,1,1,,,,1,,,,,,,,,,,,,
TDI,,,,,,,,,,,,,1,,,1,1,,,,,1,,,,
AIL,,,,,,,,,,,,,1,,,1,1,,,,,1,,,,
SPADV,,,,,,,1,,,1,1,1,1,,,1,,,1,,,1,,,,
ADESE,1,,1,,1,,,,1,,1,1,1,1,,,,,1,,,,,,,
AGR,,,1,1,,,,,,,1,1,1,,,,1,,1,1,,,,,,
CLPL,,,,,,,1,,,1,1,1,1,,,1,,,1,,,1,,,,
078140,,,,,,,1,,,1,1,1,1,,,1,,,1,,,1,,,,
JUBLPHAR,,,,,,,,,,,,,,,,,,,,,,,,,,
WPLZ11B,,,,,,,,,,,1,,,,,,,,1,1,,,,,,
METROHL,,,1,,1,,,,1,1,1,1,1,,1,1,,,,,1,1,,,,
NLL,,,,,,,1,,,1,1,1,1,,,1,,,1,,,1,,,,
JLHL,,,1,,1,,,,1,1,1,1,1,,1,1,,,,,1,1,,,,
PGHL,,,,,,,1,,,1,1,1,1,,,1,,,1,,,1,,,,
C69,,,,,,1,,,,,1,,,,1,,1,,,,,1,,,,
FDCLT,,,,,,,1,,,1,1,1,1,,,1,,,1,,,1,,,,
MRKS,1,1,,1,1,,,,,1,,,,,1,,,1,,,,,,,1,1
BLUEJET,,,,,,,1,,,1,1,1,1,,,1,,,1,,,1,,,,
VIJAYA,,,1,,1,,,,1,1,1,1,1,,1,1,,,,,1,1,,,,
ORCP,1,,,1,1,1,1,,,,,,,1,1,,,1,,,,,,,1,
HCG,,,1,,1,,,,1,1,1,1,1,,1,1,,,,,1,1,,,,
CONCESI1,1,1,1,1,1,1,,,,,,,,,1,,1,,,,,,1,,,
ITMAM,,,,,,,,,1,,,,,,,1,,,,,,1,,,,
AMIORG,,,,,,,1,,,1,1,1,1,,,1,,,1,,,1,,,,
SLPA,,,,,,,1,,,1,1,1,1,,,1,,,1,,,1,,,,
ARTD,,,,,,,1,,,1,1,1,1,,,1,,,1,,,1,,,,
AARTIPHA,,,,,,,,,,,,,,,,,,,,,,,,,,
CALL,,,1,,,,,1,1,,,,,,,1,,,,,,,1,,,1
YATHARTH,,,1,,1,,,,1,1,1,1,1,,1,1,,,,,1,1,,,,
UL,,,,,,,1,,,1,1,1,1,,,1,,,1,,,1,,,,
HKCI,,,,,,,1,,,1,1,1,1,,,1,,,1,,,1,,,,
CUPD,,,,,,,,,,1,1,,1,,,,1,,1,,,1,,,,
THYROCAR,,,1,,1,,,,1,1,1,1,1,,1,1,,,,,1,1,,,,
CNFS,,,,,,,,,,,,,,,,1,1,,,,,1,,,,1
GTB,,,1,,,,,,,,,,,,1,,1,,,1,,,,,,
MLSEQ,1,1,,1,,1,1,,,,,,,,1,,,1,,,,1,,1,1,
CF,,,,,,,,,,,,,,,,1,1,,,,,1,,,,1
SUPRIYA,,,,,,,1,,,1,1,1,1,,,1,,,1,,,1,,,,
SHALBY,,,1,,1,,,,1,1,1,1,1,,1,1,,,,,1,1,,,,
INNOVACA,,,,,,,1,,,1,1,1,1,,,1,,,1,,,1,,,,
HCBA,,,,,,,1,,,1,1,1,1,,,1,,,1,,,1,,,,
RPGL,,,,,,,1,,,1,1,1,1,,,1,,,1,,,1,,,,
ARTMSL,,,1,,1,,,,1,1,1,1,1,,1,1,,,,,1,1,,,,
SVLS,,,,,,,1,,,1,1,1,1,,,1,,,1,,,1,,,,
090430,,,,1,,,,,,,1,,,,,,1,,1,,,,,,,
ALBC,,,,,,,1,,,1,1,1,1,,,1,,,1,,,1,,,,
3577,,,1,,1,,,,,,1,,,,,,1,,,1,,1,,,,
TMCH,,,,,,,1,,,1,1,1,1,,,1,,,1,,,1,,,,
KRSNAA,,,1,,1,,,,1,1,1,1,1,,1,1,,,,,1,1,,,,
LT,,,,,,1,,,,,1,,,,1,,1,,,,,1,,,,
ADSEZ,,,,,,,,,1,,,,,,,1,,,,,,1,,,,
HNAL,,,1,,1,,,,1,,1,,,,,,1,,,1,,1,,,,
SEMC,1,1,1,1,1,,,,,,1,,,,,,1,,1,,,,,,,
IRFC,,,,,,,,,1,1,,,,,,,1,,,,,1,,,,1
BHE,,,,1,1,,,,,,,,,1,1,,1,,,1,,,,,,
IDG,,,1,,,,,,1,,,,,1,,1,1,,,,,,,,,
ABBANK,,,,,,,,,1,1,,,,,,,1,,,,,1,,,,1
HAVL,,,1,,1,,,,,,1,,,,,,1,,,1,,1,,,,
BHEL,,,1,,1,,,,,,1,,,,,,1,,,1,,1,,,,
ASH,,,,,,1,,,,,1,,,,1,,1,,,,,1,,,,
CGPOWER,,,1,,1,,,,,,1,,,,,,1,,,1,,1,,,,
INDUSTOW,,,,,,,,,,,,,,,,,,,,,,,,,,
POLYCAB,,,1,,1,,,,,,1,,,,,,1,,,1,,1,,,,
IRCTC,,,,,,,,,1,,,,,,,1,,,,,,1,,,,
LTTS,,,,,,,,,1,,,,,,,1,,,,,,1,,,,
CCRI,1,1,,,,,,,,,,,,,1,,,,,,,,1,,1,
RVNL,,,,,,1,,,,,1,,,,1,,1,,,,,1,,,,
BHFC,,,1,,,,,,,,,,,,1,,1,,,1,,,,,,
JSWINFRA,,,,,,,,,1,,,,,,,1,,,,,,1,,,,
AL,,,1,,,,,,,,,,,,1,,1,,,1,,,,,,
TMX,1,1,1,1,1,1,,,,,,,,,1,,1,,,,,,1,,,
GMRI,,,,,,1,,,,,1,,,,1,,1,,,,,1,,,,
SCHFL,,,1,,,,,,,,,,,,1,,1,,,1,,,,,,
APT,,,1,,1,,,,,,1,,,,,,1,,,1,,1,,,,
MAZDOCKS,,,1,,1,,,,1,,1,,,,,,1,,,1,,1,,,,
AIAE,,,1,,,,,,,,,,,,1,,1,,,1,,,,,,
508096,1,1,,,,,,,,,,,,1,1,,,,1,,,,,,1,
AEGIR,,,,,,,1,,,1,1,1,1,,,1,,,1,,,1,,,,
ATEL,,,,,,,,,1,,,,,,,1,1,,1,1,,,,,,
DELHIVER,1,1,,,,,,,,,,,,1,1,,,,1,,,,,,1,
BDLAMP,,,1,,1,,,,,,1,,,,,,1,,,1,,1,,,,
BPBL,,,1,1,,,,,,,,,,,,,1,,,,1,,,,,
KEII,,,1,,,,,,,,,,,,1,,1,,,1,,,,,,
EFS,,,,,,,,1,1,,,,1,,,,,,,,,,,,,
POWERIND,,,1,,1,,,,,,1,,,,,,1,,,1,,1,,,,
PLAP,1,,1,1,,,,,,,1,,,,1,,,,1,1,,,,,,
BLSTR,,,1,,1,,,,,,1,,,,,,1,,,1,,1,,,,
SF,,,1,1,,,,,,,,,,,,,1,,,,1,,,,,
CMEI,1,,1,1,,,,,,,1,,,,1,,,,1,1,,,,,,
CYL,1,1,1,1,1,1,1,,,,,,,1,1,,,,,,,1,,,1,
TMKN,,,1,,,,,,,,,,,,1,,1,,,1,,,,,,
NBCC,,,,,,1,,,,,1,,,,1,,1,,,,,1,,,,
CHOLAHLD,,,1,,,,,,,,,,,,1,,1,,,1,,,,,,
002167,1,1,1,1,1,,1,,,,,,,,1,,1,,,,,,,1,1,
SEKFK,,,,,,,,1,1,,,,1,,,,,,,,,,,,,
ELEQ,,,1,,,,,,,,,,,,1,,1,,,1,,,,,,
JYOTICNC,,,1,,,,,,,,,,,,1,,1,,,1,,,,,,
SHNP,,,1,,,,,,,,,,,,1,,1,,,1,,,,,,
RRKABEL,,,1,,1,,,,,,1,,,,,,1,,,1,,1,,,,
KPIL,,,,,,,,,,,,,,,,,,,,,,,,,,
INDUC,,,,,,,,,,,,,1,,,1,1,,,,,1,,,,
ACEL,,,1,,,,,,,,,1,,,1,,,,,,,1,,,,
CELLO,,,,1,,,,,,,1,,,,,,1,,1,,,,,,,
ACEWIN,,,1,,,,,1,1,,,,,,,1,,,,,,,1,,,1
OLECTRA,1,1,1,1,1,1,,,,,,,,,1,,1,,,,,,1,,,
JWL,,,,,,,,,,,,,,,,,,,,,,,,,,
FNXC,,,1,,1,,,,,,1,,,,,,1,,,1,,1,,,,
BDE,,,1,1,1,1,,,,,,,,,,,1,,,1,,,,,,
NJCC,,,,,,1,,,,,1,,,,1,,1,,,,,1,,,,
VGRD,,,1,,1,,,,,,1,,,,,,1,,,1,,1,,,,
GSC1,,,1,,,,,,,,,,,,1,,1,,,1,,,,,,
JSAW,,,1,,,,,,,,,,,,1,,1,,,1,,,,,,
DATAPATT,,,1,,1,,,,1,,1,,,,,,1,,,1,,1,,,,
KSB,1,1,1,1,1,1,,,,,,,,,1,,1,,,,,,1,,,
BEML,,,1,,,,,,,,,,,,1,,1,,,1,,,,,,
HMFC,,,,,,1,,,,,1,,,,1,,1,,,,,1,,,,
BLSIN,,,1,,,,,1,1,,,,,,,1,,,,,,,1,,,1
GRINFRA,,,,,,1,,,,,1,,,,1,,1,,,,,1,,,,
RMKF,,,1,,,,,,,,,,,,1,,1,,,1,,,,,,
TWL,,,1,,,,,,,,,,,,1,,1,,,1,,,,,,
AMG1L,,,,,,,,,,1,,,,,,,,1,,,,,,,1,
AGL,,,1,1,1,,,,,,1,1,,1,,,,,1,,,,,,,
SPPT,,,1,,,,,,,,,,,,1,,1,,,1,,,,,,
AIP,,,,,,,1,,,1,1,1,1,,,1,,,1,,,1,,,,
ENGR,,,,,,1,,,,,1,,,,1,,1,,,,,1,,,,
MHS,,,1,,,,,,,,,,,,1,,1,,,1,,,,,,
PNCL,,,,,,1,,,,,1,,,,1,,1,,,,,1,,,,
INOXINDI,,,1,,,,,,,,,,,,1,,1,,,1,,,,,,
ELCN,,,1,,,,,,,,,,,,1,,1,,,1,,,,,,
GPPV,1,1,,,,1,,,,,,,,,1,,,,,,,1,,,1,
VAMP,,,1,,1,,,,,,1,,,,,,1,,,1,,1,,,,
IPRJRA,,,,,,1,,,,,1,,,,1,,1,,,,,1,,,,
AADI,,,,,,,1,,,1,1,1,1,,,1,,,1,,,1,,,,
EUREKAFO,,,,,,,,,,,,,,,,,,,,,,,,,,
KKB,,,1,,,,,,,,,,,,1,,1,,,1,,,,,,
GRSE,,,1,,1,,,,1,,1,,,,,,1,,,1,,1,,,,
ITG,,,1,,,,,1,1,,,,,,,1,,,,,,,1,,,1
SYRMA,,,,1,1,,,,,,,,,1,1,,1,,,1,,,,,,
ESAB,,,1,,,,,,,,,,,,1,,1,,,1,,,,,,
AZAD,,,1,,,,,,,,,,,,1,,1,,,1,,,,,,
POWM,,,,,,1,,,,,1,,,,1,,1,,,,,1,,,,
QUESS,,,,,,,,,1,,,,,,,1,,,,,,1,,,,
002578,1,1,1,1,1,1,1,,,,,,,1,1,,,,,,,1,,,1,
8458,,,,,,,,,,,,1,1,,,,,,,,,,1,,,
MIDHANI,1,1,1,1,1,,,,,,,,,,1,,,,1,,,,,,,
CHGG,,,,,,,,,1,,,1,1,,,,,,,,,,,,,
AGLL,1,1,,,,,,,,,,,,1,1,,,,1,,,,,,1,
688084,1,1,,,,,,,,,,,,1,1,,,,1,,,,,,1,
KNRC,,,,,,1,,,,,1,,,,1,,1,,,,,1,,,,
AHLU,,,,,,1,,,,,1,,,,1,,1,,,,,1,,,,
TVSSCS,1,1,,,,,,,,,,,,1,1,,,,1,,,,,,1,
DBL,,,,,,1,,,,,1,,,,1,,1,,,,,1,,,,
IGSEC,,,1,,,,,,,,,,,,1,,1,,,1,,,,,,
TXMRE,,,,,,1,,,,,1,,,,1,,1,,,,,1,,,,
CMSINFO,,,,,,,,,1,,,,,,,1,,,,,,1,,,,
TRPC,1,1,,,,,,,,,,,,,1,,,,,,,,,,1,
PRINCPIP,,,1,,,,,,,,,,,,1,,1,,,1,,,,,,
HGINFRA,,,,,,1,,,,,1,,,,1,,1,,,,,1,,,,
SECIS,,,,,,,,,1,,,,,,,1,,,,,,1,,,,
MSTCLTD,1,1,,,1,,,,,,,,,1,1,,,1,,,,,,,,
124500,,,1,,,,,1,1,,,,,,,1,,,,,,,1,,,1
CYIENTDL,,,,1,1,,,,,,,,,1,1,,1,,,1,,,,,,
SEDAPBC1,1,1,,,1,,,,,,,,,1,1,,,1,,,,,,,,
LLOYDSEN,,,,,,,,,,,,,,,,,,,,,,,,,,
AGMMRA,1,,1,1,,,,,,,1,,,,1,,,,1,1,,,,,,
SANSERA,,,1,,,,,,,,,,,,1,,1,,,1,,,,,,
1552,1,1,,,,,,,,,,,,1,1,,,,1,,,,,,1,
KNM,,,1,,,,,,,,,,,,1,,1,,,1,,,,,,
HMT,,,1,1,,,,,,,,,,,,,1,,,,1,,,,,
MTARTECH,,,1,,,,,,,,,,,,1,,1,,,1,,,,,,
JFI,,,1,,,,,,,,,,,,1,,1,,,1,,,,,,
GRFL,1,1,,,,,,,,,,,,1,1,,,,1,,,,,,1,
VRLL,1,1,,,,,,,,,,,,,1,,,,,,,,,,1,
JKIL,,,,,,1,,,,,1,,,,1,,1,,,,,1,,,,
VATW,,,,,,1,,,,,1,,,,1,,1,,,,,1,,,,
SJET,1,,,,,,,,,,,,,1,,,,,,,,,1,,1,
ABE,,,,,,,,,,,,,1,,,1,1,,,,,1,,,,
TDPS,,,1,,1,,,,,,1,,,,,,1,,,1,,1,,,,
KKPC,,,1,,,,,,,,,,,,1,,1,,,1,,,,,,
TIIL,,,1,,,,,,,,,,,,1,,1,,,1,,,,,,
469480,,,,,,,,,,,,,1,,,1,1,,,,,1,,,,
ASBL,,,,,,1,,,,,1,,,,1,,1,,,,,1,,,,
BNCO,,,1,,,,,,,,,,,,1,,1,,,1,,,,,,
SG,,,1,,,,,,,,,,,,1,,1,,,1,,,,,,
WELENT,,,,,,,,,,,,,,,,,,,,,,,,,,
ORIENTEL,,,,,,,,,,,1,,,,,,1,,,,,,,,,
LGBB,,,1,,,,,,,,,,,,1,,1,,,1,,,,,,
TCIEXP,1,1,,,,,,,,,,,,1,1,,,,1,,,,,,1,
VENUSPIP,1,1,1,1,1,,,,,,,,,,1,,,,1,,,,,,,
SKIPPER,,,,,,1,,,,,1,,,,1,,1,,,,,1,,,,
RMKY,,,,,,1,,,,,1,,,,1,,1,,,,,1,,,,
2809,,,1,1,,,,,,,1,1,1,,,,1,,1,1,,,,,,
DCXINDIA,,,1,,1,,,,1,,1,,,,,,1,,,1,,1,,,,
JI,,,1,,,,,,,,,,,,1,,1,,,1,,,,,,
SECLTD,,,,,,,,,1,,,,,,,1,,,,,,1,,,,
ANUP,,,1,,,,,,,,,,,,1,,1,,,1,,,,,,
2208,,,1,,,,,,,,,,,,1,,1,,,1,,,,,,
MAHLOG,1,1,,,,,,,,,,,,1,1,,,,1,,,,,,1,
SCT,,,1,,,,,,,,,,,,1,,1,,,1,,,,,,
BFUT,,,,,,1,,,,,1,,,,1,,1,,,,,1,,,,
VINL,,,1,,,,,,,,,,,,1,,1,,,1,,,,,,
VSTT,,,1,,,,,,,,,,,,1,,1,,,1,,,,,,
SM,,,,,,,,,,,1,,,,,,,,1,1,,,,,,
APAT,1,1,1,1,1,,,,,,,,,,1,,,,1,,,,,,,
SKPI,,,1,,,,,,,,,,,,1,,1,,,1,,,,,,
DIACABS,,,,,,,,,,,,,,,,,,,,,,,,,,
VT,,,1,,1,,,,,,1,,,,,,1,,,1,,1,,,,
NRBBR,,,1,,,,,,,,,,,,1,,1,,,1,,,,,,
JCHAC,,,1,,1,,,,,,1,,,,,,1,,,1,,1,,,,
GMRPUI,,,,,,,,,,,,,,,,,,,,,,,,,,
STYRENIX,,,,,,,,,,,,,,,,,,,,,,,,,,
BAJEL,,,,,,,,,,,,,,,,,,,,,,,,,,
PSPPL,,,,,,1,,,,,1,,,,1,,1,,,,,1,,,,
PITTIENG,,,1,,,,,,,,,,,,1,,1,,,1,,,,,,
CSP,,,1,,,,,,1,,,,,1,,1,1,,,,,,,,,
PARAS,,,1,,1,,,,1,,1,,,,,,1,,,1,,1,,,,
EXICOM,,,1,,1,,,,,,1,,,,,,1,,,1,,1,,,,
UNIPARTS,,,1,,,,,,,,,,,,1,,1,,,1,,,,,,
SEPC,,,,,,1,,,,,1,,,,1,,1,,,,,1,,,,
FPWM,,,,,,,,,,,,,1,,,1,1,,,,,1,,,,
AXET,,,,,,1,,,,,1,,,,1,,1,,,,,1,,,,
EPWN,,,1,,,,,,,,1,,,,,,1,,1,,,,,,,
WNDT,,,,,,,,,,,1,,,,,,1,,,,,,,,,
HONDAPWR,,,,,,,,,,,,,,,,,,,,,,,,,,
EMSLIMIT,,,,,,1,,,,,1,,,,1,,1,,,,,1,,,,
CAPACITE,,,1,1,,,,,,,,,,,,,1,,,,1,,,,,
IKIO,,,1,,1,,,,,,1,,,,,,1,,,1,,1,,,,
QUDS,,,,,,,,,1,1,,,,,,,1,,,,,1,,,,1
MMFG,,,1,,,,,,,,,,,,1,,1,,,1,,,,,,
BALUFORG,,,,,,,,,,,,,,,,,,,,,,,,,,
TARSONS,,,,,,,1,,,1,1,1,1,,,1,,,1,,,1,,,,
GTLI,,,,,,1,,,,,1,,,,1,,1,,,,,1,,,,
HPLE,,,1,,1,,,,,,1,,,,,,1,,,1,,1,,,,
ALK,,,,,,,,,,,,,1,,,1,1,,,,,1,,,,
IRMENERG,,,,,,,,,,1,,,,,,,,1,,,,,,,1,
DCIL,1,1,,,,1,,,,,,,,,1,,,,,,,1,,,1,
BWRL,1,1,1,1,1,,,,,,,,,,1,,,,1,,,,,,,
AAPLUSTR,,,1,,,,,,,,,,,,1,,1,,,1,,,,,,
UTCEM,1,1,1,1,1,1,,,,,,,,,1,,1,,,,,,1,,,
APNT,1,1,1,1,1,,1,,,,,,,,1,,1,,,,,,,1,1,
AJC,1,,,1,1,1,1,,,,,,,1,1,,,1,,,,,,,1,
JSTL,1,1,1,1,1,,,,,,,,,,1,,,,1,,,,,,,
CTTH,1,1,1,1,1,1,,,,,,,,,1,,1,,,,,,1,,,
GRASIM,1,1,1,1,1,1,,,,,,,,,1,,1,,,,,,1,,,
LPD,1,1,1,1,1,1,1,,,,,,,1,1,,,,,,,1,,,1,
ACEM,1,1,1,1,1,1,,,,,,,,,1,,1,,,,,,1,,,
HNDL,1,1,1,1,1,1,1,,,,,,,1,1,,,,,,,1,,,1,
HZ,1,1,1,1,1,1,1,,,,,,,1,1,,,,,,,1,,,1,
VEDL,1,1,1,1,1,1,1,,,,,,,1,1,,,,,,,1,,,1,
SRCM,1,1,1,1,1,1,,,,,,,,,1,,1,,,,,,1,,,
DJSP,,,1,,,,,1,1,,,,,,,1,,,,,,,1,,,1
ARGO,1,,1,1,,,,,,,1,,,,1,,,,1,1,,,,,,
SRF,,,,,,1,,,,,1,,,,1,,1,,,,,1,,,,
TIINDIA,,,1,,1,,,,,,1,,,,,,1,,,1,,,1,,,
BRGR,1,1,1,1,1,,1,,,,,,,,1,,1,,,,,,,1,1,
NMDC,,,,,,,,,1,,,,,,,1,,,,,,1,,,,
PI,1,,1,1,1,,,,,,,,,,1,1,1,,,1,,,1,,,
JDSL,1,1,1,1,1,,,,,,,,,,1,,,,1,,,,,,,
ALWASAIL,,,1,,,,,,,,1,,,,,,1,,1,,,,,,,
LIIL,1,1,1,1,1,,1,,,,,,,,1,,1,,,,,,,1,1,
SI,,,,,,,,,1,1,,,,,,,1,,,,,1,,,,1
AAGRY,1,,1,1,,,,,,,1,,,,1,,,,1,1,,,,,,
ACC,1,1,1,1,1,1,,,,,,,,,1,,1,,,,,,1,,,
BFC,,,,,,1,1,,,,,,,,,,,,,,1,,,,,
DALBHARA,1,1,1,1,1,1,,,,,,,,,1,,1,,,,,,1,,,
3M,1,1,1,1,1,,,,,,1,,,,,,1,,1,,,,,,,
UPLL,1,1,1,1,1,,1,,,,,,,,1,,1,,,,,,,1,1,
GFLC,1,1,1,1,1,,1,,,,,,,,1,,1,,,,,,,1,1,
ACRI,,,1,1,,,,,,,,,,,,,1,,,,1,,,,,
DJKC,,,1,,,,,,1,,,,,1,,1,1,,,,,,,,,
LLOYDSME,,,,,,,,,,,,,,,,,,,,,,,,,,
DN,1,1,1,1,1,,1,,,,,,,,1,,1,,,,,,,1,1,
8353,,,1,,,,,1,1,,,,,,,1,,,,,,,1,,,1
TTCH,1,1,1,1,1,,1,,,,,,,,1,,1,,,,,,,1,1,
HCP,,,1,,,,,1,1,,,,,,,1,,,,,,,1,,,1
ARTO,1,1,1,1,1,,1,,,,,,,,1,,1,,,,,,,1,1,
CU,1,1,,1,1,,,,,1,,,,,1,,,1,,,,,,,1,1
KIOCL,1,1,1,1,1,,,,,,,,,,1,,,,1,,,,,,,
BYRCS,1,1,1,1,1,,1,,,,,,,,1,,1,,,,,,,1,1,
KNPL,1,1,1,1,1,,1,,,,,,,,1,,1,,,,,,,1,1,
GWN,1,1,1,1,1,1,,,,,,,,,1,,1,,,,,,1,,,
ARMT34,1,1,1,1,1,,,,,,,,,,1,,,,1,,,,,,,
TRCL,1,1,1,1,1,1,,,,,,,,,1,,1,,,,,,1,,,
CSTRL,1,1,1,1,1,,1,,,,,,,,1,,1,,,,,,,1,1,
C21,,,,,,,,,1,,,,,,,1,1,,1,1,,,,,,
SUMICHEM,1,1,1,1,1,,1,,,,,,,,1,,1,,,,,,,1,1,
ATP,1,,1,,1,,,,1,,1,1,1,1,,,,,1,,,,,,,
SHYAMMET,1,1,1,1,1,,,,,,,,,,1,,,,1,,,,,,,
CLL,,,,,,,,1,,,,,1,,,1,,,,,,,,,,
NSLNISP,,,,,,,,,,,,,,,,,,,,,,,,,,
6823,,,1,,,,,,,,,,,,1,,1,,,1,,,,,,
FNXP,1,1,1,1,1,,1,,,,,,,,1,,1,,,,,,,1,1,
VO,1,1,1,1,1,1,1,,,,,,,1,1,,,,,,,1,,,1,
JBIL,1,1,1,1,1,,,,,,,,,,1,,,,1,,,,,,,
RLD,,,,,,,,,,,,,1,,,1,1,,,,,1,,,,
BASF,1,1,1,1,1,,1,,,,,,,,1,,1,,,,,,,1,1,
CPBI,,,,,,,,,1,1,,,,,,,1,,,,,1,,,,1
ACE/F,1,1,,1,1,,,,,1,,,,,1,,,1,,,,,,,1,1
CHMB,1,1,1,1,1,,1,,,,,,,,1,,1,,,,,,,1,1,
WLCO,1,1,1,1,1,,,,,,,,,,1,,,,1,,,,,,,
FINEORG,1,1,1,1,1,,1,,,,,,,,1,,1,,,,,,,1,1,
HIMRRA,,,1,1,,1,,,,,,,,1,,,,,,,1,,,,,
ELSC,1,1,1,1,1,1,1,,,,,,,1,1,,,,,,,1,,,1,
BCORP,1,1,1,1,1,1,,,,,,,,,1,,1,,,,,,1,,,
NUVOCO,1,1,1,1,1,1,,,,,,,,,1,,1,,,,,,1,,,
GMDC,1,,,1,1,1,1,,,,,,,1,1,,,1,,,,,,,1,
AKZO,1,1,1,1,1,,1,,,,,,,,1,,1,,,,,,,1,1,
PTCIL,,,,,,,,,,,,,,,,,,,,,,,,,,
ATHR,1,1,1,1,1,,1,,,,,,,,1,,1,,,,,,,1,1,
GODPI,1,1,1,1,1,,,,,,,,,,1,,,,1,,,,,,,
JKLC,1,1,1,1,1,1,,,,,,,,,1,,1,,,,,,1,,,
PCBL,,,,,,,,,,,,,,,,,,,,,,,,,,
AMG,1,1,1,1,1,1,1,,,,,,,1,1,,,,,,,1,,,1,
ALEID,1,,1,,1,,,,1,,1,1,1,1,,,,,1,,,,,,,
ANURAS,1,1,1,1,1,,1,,,,,,,,1,,1,,,,,,,1,1,
AACL,1,1,1,1,1,,1,,,,,,,,1,,1,,,,,,,1,1,
GNFC,1,1,1,1,1,,1,,,,,,,,1,,1,,,,,,,1,1,
STRCEM,1,1,1,1,1,1,,,,,,,,,1,,1,,,,,,1,,,
PRSMJ,1,1,1,1,1,1,,,,,,,,,1,,1,,,,,,1,,,
KHL,1,1,1,1,1,1,,,,,,,,,1,,1,,,,,,1,,,
AAL,,,1,,,,,,,,,,,,1,,1,,,1,,,,,,
GALSURF,1,1,1,1,1,,1,,,,,,,,1,,1,,,,,,,1,1,
GSFC,1,1,1,1,1,,1,,,,,,,,1,,1,,,,,,,1,1,
BAAZEEM,,,1,,,,,,1,,,,,1,,1,1,,,,,,,,,
9625,,,,,,,,,1,,,,,,,1,,,,,,1,,,,
JUBLINGR,1,1,1,1,1,,1,,,,,,,,1,,1,,,,,,,1,1,
SEML,1,1,1,1,1,,,,,,,,,,1,,,,1,,,,,,,
RCF,1,1,1,1,1,,1,,,,,,,,1,,1,,,,,,,1,1,
CHEMPLAS,1,1,1,1,1,,1,,,,,,,,1,,1,,,,,,,1,1,
EBECK,1,1,1,1,1,,1,,,,,,,,1,,1,,,,,,,1,1,
BLGV,1,1,1,1,1,1,1,,,,,,,1,1,,,,,,,1,,,1,
VI,1,1,1,1,1,1,,,,,,,,,1,,1,,,,,,1,,,
BLZE,,,1,,,,,1,1,,,,,,,1,,,,,,,1,,,1
BZU,1,1,1,1,1,1,,,,,,,,,1,,1,,,,,,1,,,
LXCHEM,1,1,1,1,1,,1,,,,,,,,1,,1,,,,,,,1,1,
DFPC,1,1,1,1,1,,1,,,,,,,,1,,1,,,,,,,1,1,
GRLM,,,1,,,,,,,,1,,,,,,1,,1,,,,,,,
INDIGOPN,1,1,1,1,1,,1,,,,,,,,1,,1,,,,,,,1,1,
SANDUMA,,,,,,,,,,,,,,,,,,,,,,,,,,
EPLL,,,,,,,,,,,,,,,,,,,,,,,,,,
JMOIL,1,1,,1,1,,,,,,,,,,1,,1,,,,,,1,1,1,
ATMCU,,,,,,,,,,,,,1,,,1,1,,,,,1,,,,
FSS,,,,,,,,,,,,,,,,1,1,,,,,1,,,,1
JKPAPER,1,1,1,1,,,,,,,,,,,,,,,1,,,,,,,
PPARIVAH,,,,,,1,,,,,1,,,,1,,1,,,,,1,,,,
AKGRT,,,,,,,,,,,,,1,,,,1,,,,1,,,,,1
RINDL,1,1,1,1,1,,1,,,,,,,,1,,1,,,,,,,1,1,
GALK,1,1,1,1,1,,1,,,,,,,,1,,1,,,,,,,1,1,
5GN,,,1,,,,,1,1,,,,,,,,,,,1,,,1,,,1
AGIG,,,,,,,,,,,,,,,,,,,,,,,,,,
DAGRI,1,1,1,1,1,,1,,,,,,,,1,,1,,,,,,,1,1,
AJG,,,,,,,,,1,,,,,,,1,,,,,,1,,,,
GOLI,,,,,,,1,,,1,1,1,1,,,1,,,1,,,1,,,,
EPIGRAL,,,,,,,,,,,,,,,,,,,,,,,,,,
D2B,,,,,,1,,,,,,,,,1,,1,1,,,,,,,,
JPA,1,1,1,1,1,1,,,,,,,,,1,,1,,,,,,1,,,
CFLT,,,1,,,,,1,1,,,,,,,1,,,,,,,1,,,1
GHCL,1,1,1,1,1,,1,,,,,,,,1,,1,,,,,,,1,1,
BDSN,,,1,,1,,,,1,1,1,1,1,,1,1,,,,,1,1,,,,
NOCIL,1,1,1,1,1,,1,,,,,,,,1,,1,,,,,,,1,1,
KKIL,,,,,,,,,,,,,,,,1,1,,,,,1,,,,1
BLCL,,,,,,,,,1,,,,,,,1,,,,,,1,,,,
FTXC,1,1,1,1,1,,1,,,,,,,,1,,1,,,,,,,1,1,
GRWRHITE,,,,,,,,,,,,,,,,,,,,,,,,,,
ORCMNT,1,1,1,1,1,1,,,,,,,,,1,,1,,,,,,1,,,
GW,1,1,1,1,1,,1,,,,,,,,1,,1,,,,,,,1,1,
WCPM,1,1,1,1,,,,,,,,,,,,,,,1,,,,,,,
ADVENZY,1,1,1,1,1,,1,,,,,,,,1,,1,,,,,,,1,1,
PRIVISCL,1,1,1,1,1,,1,,,,,,,,1,,1,,,,,,,1,1,
GREENP,,,,,,1,1,,,,,,,,,,,,,,1,,,,,
KS,1,1,1,1,1,,,,,,,,,,1,,,,1,,,,,,,
ROSSARI,1,1,1,1,1,,1,,,,,,,,1,,1,,,,,,,1,1,
OMDC,1,1,1,1,1,1,1,,,,,,,1,1,,,,,,,1,,,1,
BRSN,1,1,1,1,1,,1,,,,,,,,1,,1,,,,,,,1,1,
LLOYDSET,,,,,,,,,,,,,,,,,,,,,,,,,,
IMFA,1,1,1,1,1,,,,,,,,,,1,,,,1,,,,,,,
ASMN,1,1,1,1,1,1,1,,,,,,,1,1,,,,,,,1,,,1,
FCH,1,1,1,1,1,,1,,,,,,,,1,,1,,,,,,,1,1,
5488,,,1,,1,,,,,,1,,,,,,1,,,1,,1,,,,
YQ,,,,,,,,,1,,,1,1,,,,,,,,,,,,,
JTLIND,,,,,,,,,,,,,,,,,,,,,,,,,,
KSCL,1,,1,1,,,,,,,1,,,,1,,,,1,1,,,,,,
ATEC,,,,,,,,,1,,,,,,,1,1,,1,1,,,,,,
NEOGEN,1,1,1,1,1,,1,,,,,,,,1,,1,,,,,,,1,1,
PKI,1,1,,1,1,,,,,,,,,,1,,1,,,,,,1,1,1,
BWA,,,1,,1,,,,,,1,,,,,,1,,,1,,,1,,,
UFLX,1,1,1,1,1,,,,,,1,,,,,,1,,1,,,,,,,
SHCR,1,1,1,1,1,,1,,,,,,,,1,,1,,,,,,,1,1,
MTLM,,,1,,,,,,,,1,,,,,,1,,1,,,,,,,
LMAT,,,,,,,,,,1,1,,1,,,,1,,1,,,1,,,,
SHKL,1,1,1,1,1,,1,,,,,,,,1,,1,,,,,,,1,1,
HLEGLAS,,,,,,,,,,,,,,,,,,,,,,,,,,
ANG,,,1,,,,,,1,,,,,1,,1,1,,,,,,,,,
SGC,1,1,,1,,1,1,,,,,,,,1,,,1,,,,1,,1,1,
SYIL,1,1,1,1,1,1,,,,,,,,,1,,1,,,,,,1,,,
ISMT,1,1,1,1,1,,,,,,,,,,1,,,,1,,,,,,,
MTEP,1,1,1,1,1,,,,,,1,,,,,,1,,1,,,,,,,
ARL,,,,,,,,,,,,,,,,1,1,,,,,1,,,,1
TATVA,1,1,1,1,1,,1,,,,,,,,1,,1,,,,,,,1,1,
APOLP,,,,,,,,1,1,,,,1,,,,,,,,,,,,,
JMACU,,,,,,,,,,,,,1,,,1,1,,,,,1,,,,
PPC,,,1,1,,,,,,,,,,,,,1,,,,1,,,,,
PTMCD,,,,,,,,,,,,,1,,,1,1,,,,,1,,,,
600143,1,1,1,1,1,,1,,,,,,,,1,,1,,,,,,,1,1,
AXL,,,,,,,,1,1,,,,1,,,,,,,,,,,,,
IGLY,1,1,1,1,1,,1,,,,,,,,1,,1,,,,,,,1,1,
APN,1,1,1,1,1,1,1,,,,,,,1,1,,,,,,,1,,,1,
SNGI,1,1,1,1,1,1,,,,,,,,,1,,1,,,,,,1,,,
APCO,1,1,1,1,1,,1,,,,,,,,1,,1,,,,,,,1,1,
8049,,,,,,,1,,,1,1,1,1,,,1,,,1,,,1,,,,
GOCL,1,1,1,1,1,,1,,,,,,,,1,,1,,,,,,,1,1,
KCPL,1,1,1,1,1,1,,,,,,,,,1,,1,,,,,,1,,,
BEPL,1,1,1,1,1,,1,,,,,,,,1,,1,,,,,,,1,1,
RASTL,1,1,1,1,1,,,,,,,,,,1,,,,1,,,,,,,
MASTERPL,,,1,,,,,,,,1,,,,,,1,,1,,,,,,,
AH,,,1,,,,,,,,,,,,1,,1,,,1,,,,,,
VCL,1,1,1,1,1,,1,,,,,,,,1,,1,,,,,,,1,1,
ASTEL,1,1,1,1,1,,1,,,,,,,,1,,1,,,,,,,1,1,
TCPL,1,1,1,1,1,,,,,,1,,,,,,1,,1,,,,,,,
FDMT,,,,,,,1,,,1,1,1,1,,,1,,,1,,,1,,,,
MGCXD,1,1,1,1,1,1,1,,,,,,,1,1,,,,,,,1,,,1,
PNPC,1,1,1,1,1,,1,,,,,,,,1,,1,,,,,,,1,1,
JDPF,,,1,,,,,,,,,,,,1,,1,,,1,,,,,,
5142,1,1,1,1,1,,,,,,1,,,,,,1,,1,,,,,,,
TANF,1,1,1,1,1,,1,,,,,,,,1,,1,,,,,,,1,1,
IFGLRF,1,1,1,1,1,1,,,,,,,,,1,,1,,,,,,1,,,
ANHPR,,,,,,,,,,,,,,,,,,,,,,,,,,
UDAICEME,,,,,,,,,,,,,,,,,,,,,,,,,,
DLFU,,,1,1,,,,,,,,,,,,,1,,,,1,,,,,
LODHA,,,1,1,,,,,,,,,,,,,1,,,,1,,,,,
CNT,,,,,,1,,,,,1,,,,1,,1,,,,,1,,,,
HUTT,,,,,,,,,1,1,,,,,,,1,,,,,1,,,,1
PHNX,,,1,1,,,,,,,,,,,,,1,,,,1,,,,,
PEPL,,,1,1,,,,,,,,,,,,,1,,,,1,,,,,
BRGD,,,1,1,,,,,,,,,,,,,1,,,,1,,,,,
GSS,,,,,,,1,,,1,1,1,1,,,1,,,1,,,1,,,,
CHALET,,,1,1,,1,,,,,,,,1,,,,,,,1,,,,,
SOBHA,,,,,,1,,,,,,,,,1,,1,1,,,,,,,,
ARCP,,,1,1,,,,,,,,,,,,,1,,,,1,,,,,
DBREALTY,,,,,,,,,,,,,,,,,,,,,,,,,,
NTSD,,,1,1,,,,,,,,,,,,,1,,,,1,,,,,
MAHLIFE,,,,,,,,,,,,,,,,,,,,,,,,,,
RUSTOMJE,,,1,1,,,,,,,,,,,,,1,,,,1,,,,,
EMBDL,,,,,,,,,,,,,,,,,,,,,,,,,,
GHFC,,,,,,1,,,,,1,,,,1,,1,,,,,1,,,,
ACOS,,,1,,1,,,,,,1,,,,,,1,,,1,,1,,,,
SNNP,,,1,1,,,,,,,1,1,1,,,,1,,1,1,,,,,,
HEMIPROP,,,1,1,,,,,,,,,,,,,1,,,,1,,,,,
PURVA,,,1,1,,,,,,,,,,,,,1,,,,1,,,,,
SAMHI,,,1,1,,,,,,,,,,,,,1,,,,1,,,,,
ANTAR,,,,,,,,,,,,,1,,,1,1,,,,,1,,,,
MAXESTAT,,,,,,,,,,,,,,,,,,,,,,,,,,
NIRL,,,1,1,,,,,,,,,,,,,1,,,,1,,,,,
ARVSMART,,,,,,,,,,,,,,,,,,,,,,,,,,
UT,,,,,,,,,,,1,,,,,,,,1,1,,,,,,
ASFI,,,1,1,,,,,,,,,,,,,1,,,,1,,,,,
MNRT,,,1,1,,,,,,,,,,,,,1,,,,1,,,,,
SHRIRAMP,,,1,1,,,,,,,,,,,,,1,,,,1,,,,,
HLIX,,,1,,,,,1,1,,,,,,,1,,,,,,,1,,,1
III,,,1,,,,,1,1,,,,,,,1,,,,,,,1,,,1
HCLT,,,1,,,,,1,1,,,,,,,1,,,,,,,1,,,1
WPRO,,,1,,,,,1,1,,,,,,,1,,,,,,,1,,,1
ARH,1,1,,1,,1,1,,,,,,,,1,,,1,,,,1,,1,1,
603015,,,,,,,,,1,,,,,,,1,1,,1,1,,,,,,
OFSS,,,1,,,,,1,1,,,,,,,1,,,,,,,1,,,1
PSYS,,,,,,,,,1,,,,,,,1,1,,1,1,,,,,,
POLICYBZ,,,1,,,,,1,1,,,,,,,1,,,,,,,1,,,1
TELX,,,1,,,,,1,1,,,,,,,1,,,,,,,1,,,1
MPHL,,,1,,,,,1,1,,,,,,,1,,,,,,,1,,,1
DIXON,,,,,,,,,1,,,,,,,1,1,,1,1,,,,,,
TATATECH,,,1,,,,,1,1,,,,,,,1,,,,,,,1,,,1
COFORGE,,,,,,,,,,,,,,,,,,,,,,,,,,
VCVCU,,,,,,,,,,,,,1,,,1,1,,,,,1,,,,
BSOFT,,,1,,,,,1,1,,,,,,,1,,,,,,,1,,,1
SSOF,,,1,,,,,1,1,,,,,,,1,,,,,,,1,,,1
KAYNES,,,,1,1,,,,,,,,,1,1,,1,,,1,,,,,,
2051,,,,,,,,1,1,,,,1,,,,,,,,,,,,,
BIPP,,,,,,,,,,,,,,,,,1,,,,,1,,,,
FSOL,,,1,,,,,1,1,,,,,,,1,,,,,,,1,,,1
AEZS,,,,,,,1,,,1,1,1,1,,,1,,,1,,,1,,,,
ECLX,,,,,,,,,1,,,,,,,1,,,,,,1,,,,
HAPPSTMN,,,1,,,,,1,1,,,,,,,1,,,,,,,1,,,1
TEJASNET,,,,,,,,,1,,,,,,,1,1,,1,1,,,,,,
NEWGEN,,,1,,,,,1,1,,,,,,,1,,,,,,,1,,,1
ELK,,,,,,,,,1,,,,,,,1,,,,,,1,,,,
LATENTVI,,,1,,,,,1,1,,,,,,,1,,,,,,,1,,,1
MAPMYIND,,,1,,,,,1,1,,,,,,,1,,,,,,,1,,,1
NETWEB,,,,,,,,,1,,,,,,,1,1,,1,1,,,,,,
RATEGAIN,,,1,,,,,1,1,,,,,,,1,,,,,,,1,,,1
603389,,,1,,,,,,,,1,,,,,,1,,1,,,,,,,
ADDC,,,1,,,,,,1,,,,,1,,1,1,,,,,,,,,
EMUDHRA,,,1,,,,,1,1,,,,,,,1,,,,,,,1,,,1
ASTM,,,,,,,,,,,1,,,,,,,,1,1,,,,,,
AUPS,,,1,,,,,1,1,,,,,,,1,,,,,,,1,,,1
MCLOUD,,,1,,,,,1,1,,,,,,,1,,,,,,,1,,,1
ATHX,,,,,,,1,,,1,1,1,1,,,1,,,1,,,1,,,,
SOTL,,,1,,1,,,,,,1,,,,,,1,,,1,,1,,,,
AVL,1,1,1,1,1,1,1,,,,,,,1,1,,,,,,,1,,,1,
PGEL,,,,1,1,,,,,,,,,1,1,,1,,,1,,,,,,
PROTEAN,,,1,,,,,1,1,,,,,,,1,,,,,,,1,,,1
BBOX,,,1,1,,,,,,,,,,,,,1,,,,1,,,,,
BIJL,,,1,,,,,,,,,,,,1,,1,,,1,,,,,,
CI,,,,,,,,,1,1,1,1,,,,,,,,,1,,,,,
HGSL,,,1,,,,,1,1,,,,,,,1,,,,,,,1,,,1
AVACU,,,,,,,,,,,,,1,,,1,1,,,,,1,,,,
AFBI,,,,,,,,,1,1,,,,,,,1,,,,,1,,,,1
3260,1,,1,1,1,,,,,,,,,,1,1,1,,,1,,,1,,,
IDEAFORG,,,1,,1,,,,1,,1,,,,,,1,,,1,,1,,,,
BCG,,,1,,,,,1,1,,,,,,,1,,,,,,,1,,,
AAYANRE,,,1,1,,,,,,,,,,,,,1,,,,1,,,,,
QUICKHEA,,,1,,,,,1,1,,,,,,,1,,,,,,,1,,,1
ACCELYA,,,1,,,,,1,1,,,,,,,1,,,,,,,1,,,1
AVTS,,,1,,,,,1,1,,,,,,,1,,,,,,,1,,,1
ADAG,,,,,,,1,,,1,1,1,1,,,1,,,1,,,1,,,,
SASKEN,,,1,,,,,1,1,,,,,,,1,,,,,,,1,,,1
ABE,,,,,,,,,,,,,1,,,1,1,,,,,1,,,,
RPTECH,,,1,,,,,,1,,,,,1,,1,1,,,,,,,,,
RPSGVENT,,,,,,,,,,,,,,,,,,,,,,,,,,
PRMC,,,,,,,,,1,,,,,,,1,1,,1,1,,,,,,
EXPLEOSO,,,1,,,,,1,1,,,,,,,1,,,,,,,1,,,1
NTPCGREE,,,1,1,1,1,,,,,,,,,,,1,,,1,,,,,,
ADANIGR,1,1,,1,1,,,,,1,,,,,1,,,1,,,,,,,1,1
PWGR,1,1,,1,1,,,,,1,,,,,1,,,1,,,,,,,1,1
ADE,1,,,1,1,1,1,,,,,,,1,1,,,1,,,,,,,1,
TPWR,1,1,,1,1,,,,,1,,,,,1,,,1,,,,,,,1,1
ACC/P,,,,,,,,,,,,,1,,,1,1,,,,,1,,,,
ADANIENS,,,,,,,,,,,,,,,,,,,,,,,,,,
ATGL,,,1,,,,,1,1,,,,,,,1,,,,,,,1,,,1
NHPC,1,1,,1,1,,,,,1,,,,,1,,,1,,,,,,,1,1
JSW,1,,,1,1,1,1,,,,,,,1,1,,,1,,,,,,,1,
TPW,,,1,,,,,1,1,,,,,,,1,1,,,,,,,,,
SJVN,1,1,,1,1,,,,,1,,,,,1,,,1,,,,,,,1,1
GUJGA,,,,,,,,,,1,,,,,,,,1,,,,,,,1,
NLC,1,1,1,1,1,1,1,,,,,,,1,1,,,,,,,1,,,1,
BH/A,,,1,1,1,,,,,,1,1,,1,,,,,1,,,,,,,
GETD,,,1,,1,,,,,,1,,,,,,1,,,1,,1,,,,
GUJS,1,1,,,,1,,,,,,,,,,,,,,,,,1,,1,
BRKC,1,1,,,,,,,,,,,,,1,,,,,,,,,,1,
CESC,1,1,,1,1,,,,,1,,,,,1,,,1,,,,,,,1,1
MAHGL,,,,,,,,,,1,,,,,,,,1,,,,,,,1,
CDX,,,,,,,,,,1,1,,1,,,,1,,1,,,1,,,,
RPWR,1,1,,1,1,,,,,1,,,,,1,,,1,,,,,,,1,1
ACC,,,1,,,,,,,,,,,,1,,1,,,1,,,,,,
JPVL,1,1,,1,1,,,,,1,,,,,1,,,1,,,,,,,1,1
TWLV,1,1,1,1,1,1,1,,,,,,,1,1,,,,,,,1,,,1,
BONAVB,,,,,,1,,,,,,,,,1,,1,1,,,,,,,,
PTCIN,1,1,,1,1,,,,,1,,,,,1,,,1,,,,,,,1,1
RTPOW,1,1,,1,1,,,,,1,,,,,1,,,1,,,,,,,1,1
BGIP3,,,,,,,,,1,1,,,,,,,1,,,,,1,,,,1
